<?xml version="1.0" encoding="UTF-8"?>
<project-private xmlns="http://www.netbeans.org/ns/project-private/1">
    <open-files xmlns="http://www.netbeans.org/ns/projectui-open-files/2">
        <group>
            <file>file:/C:/Users/vilse/Downloads/LeiloesTDSat/LeiloesTDSat/src/conectaDAO.java</file>
            <file>file:/C:/Users/vilse/Downloads/LeiloesTDSat/LeiloesTDSat/src/listagemVIEW.java</file>
            <file>file:/C:/Users/vilse/Downloads/LeiloesTDSat/LeiloesTDSat/src/ProdutosDTO.java</file>
            <file>file:/C:/Users/vilse/Downloads/LeiloesTDSat/LeiloesTDSat/src/ProdutosDAO.java</file>
            <file>file:/C:/Users/vilse/Downloads/LeiloesTDSat/LeiloesTDSat/src/cadastroVIEW.java</file>
        </group>
    </open-files>
</project-private>
